S_No,City,Category,Business_Name,Phone,Email,Has_Website,Status
1,Indore,Gym & Fitness,Anytime Fitness,+918062689019,,No,Not Contacted
2,Indore,Gym & Fitness,Gold's Gym Vijaynagar,+919993834111,,No,Not Contacted
3,Indore,Gym & Fitness,Akhaada The Right Track Gym,+919294551118,,No,Not Contacted
4,Indore,Spa & Salon,Sapna Beauty Parlour,+917979789767,,No,Not Contacted
5,Indore,Spa & Salon,Aapke ... Salon - Fashionista Beauty Salon . Address - 59,+918959633244,,No,Not Contacted
6,Indore,Spa & Salon,Jabalpur Salon,+919009555050,,No,Not Contacted
7,Indore,Spa & Salon,Makeup Studio & Academy Indore,+918871608174,,No,Not Contacted
8,Indore,Spa & Salon,Nailash Beauty Studio & Academy in Indore has the,+918889944466,,No,Not Contacted
9,Indore,Restaurant & Dhaba,Vaishnavi Tiffin Service Indore,+916261560850,,No,Not Contacted
10,Indore,Coaching Institute,Ribosome Institute,+919329911449,,No,Not Contacted
11,Indore,Coaching Institute,CMC Coaching Indore,+919993887962,,No,Not Contacted
12,Indore,Coaching Institute,The GATE Academy Indore,+919229867353,,No,Not Contacted
13,Indore,Coaching Institute,Coaching Center Tutor Career Guidance Service,,bmindore3@aesl.in,No,Not Contacted
14,Indore,Dental & Eye Clinic,IOS Certified Dental Center,,entistgaganj@gmail.com,No,Not Contacted
15,Indore,Dental & Eye Clinic,Dentists who are Masters of Dental Surgery in their,+917618792440,,No,Not Contacted
16,Indore,Dental & Eye Clinic,Dental Clinic and Implant Center is determined to,+919826030762,,No,Not Contacted
17,Indore,Wedding Photographer,Jay Chugh Photography,+917879704040,,No,Not Contacted
18,Indore,Wedding Photographer,Harsh Studio Photography,+919926681883,,No,Not Contacted
19,Indore,Real Estate Agent,Real Estate Agents in Indore - Square Yards Property Dealer Indore,+919893754690,,No,Not Contacted
20,Indore,Real Estate Agent,Rishiraj Realty Consultant,,indoreproperty18@gmail.com,No,Not Contacted
21,Bhopal,Gym & Fitness,Vishal Fitness Planet Bhopal,+919425004711,,No,Not Contacted
22,Bhopal,Gym & Fitness,Gold's Gym Bhopal contact,+919109112355,,No,Not Contacted
23,Bhopal,Spa & Salon,Bhopal - Instagram For Bookings and query contact us at,+919826846974,,No,Not Contacted
24,Bhopal,Spa & Salon,Glamour Zone Salon Bhopal,+917000907242,,No,Not Contacted
25,Bhopal,Spa & Salon,Nikky Bawa Medi Salon,+919893544778,,No,Not Contacted
26,Bhopal,Restaurant & Dhaba,Bhopal Social Restaurant,,hoteljewelpalace99@gmail.com,No,Not Contacted
27,Bhopal,Restaurant & Dhaba,Local Restaurant Bhopal,+917000405088,srashtibuildcon2015@gmail.com,No,Not Contacted
28,Bhopal,Restaurant & Dhaba,Hotel Centre Park,+919685550666,lordsbho@gmail.com,No,Not Contacted
29,Bhopal,Coaching Institute,MADE EASY Coaching Bhopal,+919021300500,,No,Not Contacted
30,Bhopal,Coaching Institute,Career Point Coaching Bhopal,+917827048964,,No,Not Contacted
31,Bhopal,Coaching Institute,Mitesh Rathi Classes Bhopal,,miteshrathiclasses@gmail.com,No,Not Contacted
32,Bhopal,Coaching Institute,Ribosome Institute Bhopal,,riabosomeinstitute@gmail.com,No,Not Contacted
33,Bhopal,Coaching Institute,StudySpace Coaching Bhopal,+918287604941,,No,Not Contacted
34,Bhopal,Coaching Institute,Tuition Classes Bhopal,+919074289403,,No,Not Contacted
35,Bhopal,Coaching Institute,Reliable Institute Bhopal,+919893451294,,No,Not Contacted
36,Bhopal,Dental & Eye Clinic,Hi-Tech Eye Care & Laser CenterHi-Tech Eye Care & Laser Center,+919826044737,,No,Not Contacted
37,Bhopal,Wedding Photographer,Sam Creation Studio provides services,+918319462741,,No,Not Contacted
38,Jabalpur,Gym & Fitness,Gold's Gym Jabalpur,+917898935513,,No,Not Contacted
39,Jabalpur,Gym & Fitness,Power Gym in Jabalpur is,+919340822761,,No,Not Contacted
40,Jabalpur,Spa & Salon,Desire Makeover Salon Jabalpur,+918889727688,,No,Not Contacted
41,Jabalpur,Spa & Salon,Cute Look Beauty Salon,+919301819175,,No,Not Contacted
42,Jabalpur,Spa & Salon,Bridal Makeup Studio Jabalpur,+919610733747,,No,Not Contacted
43,Jabalpur,Restaurant & Dhaba,SeetaFoods,+919340808278,,No,Not Contacted
44,Jabalpur,Coaching Institute,PAT Coaching,+916265179073,,No,Not Contacted
45,Jabalpur,Coaching Institute,BIOZONE Classes,+919827042252,,No,Not Contacted
46,Jabalpur,Coaching Institute,Galaxy PAT Institute,+918982382989,,No,Not Contacted
47,Jabalpur,Coaching Institute,GKM Nursing Coaching,+919302168588,,No,Not Contacted
48,Jabalpur,Coaching Institute,Indian Agriculture Academy,+917089212222,,No,Not Contacted
49,Jabalpur,Coaching Institute,Sambhav Institute of Education,+918770579978,,No,Not Contacted
50,Jabalpur,Coaching Institute,Shukla Maths Academy,+917415301150,,No,Not Contacted
51,Jabalpur,Coaching Institute,Om Career Institute India,+919425468495,,No,Not Contacted
52,Jabalpur,Coaching Institute,Parvati Institute of Mathematics,+917880291440,,No,Not Contacted
53,Jabalpur,Coaching Institute,Pratap Concept Classes,+919993881102,,No,Not Contacted
54,Jabalpur,Coaching Institute,Qazi Physics Classes,+919039331333,,No,Not Contacted
55,Jabalpur,Coaching Institute,Ramanujam Maths Classes,+919893033986,,No,Not Contacted
56,Jabalpur,Coaching Institute,Goutam IAS Academy,,uniqueiasstudycircle@gmail.com,No,Not Contacted
57,Jabalpur,Coaching Institute,CYNOSURE Civil Services Institute,+918989851047,,No,Not Contacted
58,Jabalpur,Coaching Institute,Deepika Classes,+918817511508,,No,Not Contacted
59,Jabalpur,Coaching Institute,Aparajit IAS Academy,+919522147096,,No,Not Contacted
60,Jabalpur,Coaching Institute,Asha IAS Institute,+919818943583,,No,Not Contacted
61,Jabalpur,Coaching Institute,Yojna IAS Coaching Jabalpur,+918595390705,,No,Not Contacted
62,Jabalpur,Coaching Institute,Siddhi Academy,+917869870659,,No,Not Contacted
63,Jabalpur,Coaching Institute,Tiwari Study Zone,+919131770389,,No,Not Contacted
64,Jabalpur,Coaching Institute,Sai Classes Garha,+919098409805,,No,Not Contacted
65,Jabalpur,Coaching Institute,Sai Focus Academy,+919806148331,,No,Not Contacted
66,Jabalpur,Coaching Institute,Shree Sai Career Classes,+918827730740,,No,Not Contacted
67,Jabalpur,Coaching Institute,ELITE Classes,+919179168884,,No,Not Contacted
68,Jabalpur,Coaching Institute,Excellence Academy,+918989126309,,No,Not Contacted
69,Jabalpur,Coaching Institute,PAATHSHAALA Coaching Classes,+919770187722,,No,Not Contacted
70,Jabalpur,Coaching Institute,Virmani Classes,+919893901113,,No,Not Contacted
71,Jabalpur,Coaching Institute,Matics Tuition Classes,+919826103332,,No,Not Contacted
72,Jabalpur,Coaching Institute,Tiwari Classes,+918349992512,,No,Not Contacted
73,Jabalpur,Dental & Eye Clinic,Chauhan Dental Clinic at,+919301911999,,No,Not Contacted
74,Jabalpur,Dental & Eye Clinic,Vision Eye Care Hospital contact,+919009485888,,No,Not Contacted
75,Jabalpur,Dental & Eye Clinic,Eye Hospital in Jabalpur,,contact@roshannetralaya.com,No,Not Contacted
76,Jabalpur,Dental & Eye Clinic,Medical Professionals,,dakshnetralaya@gmail.com,No,Not Contacted
77,Jabalpur,Wedding Photographer,Imagic Production,+919452934357,,No,Not Contacted
78,Jabalpur,Wedding Photographer,Candid shoots are also provided by Maya Photo Studio,,yeesu786@gmail.com,No,Not Contacted
79,Jabalpur,Wedding Photographer,4 Studio Digital Jabalpur,,4studiodigital@gmail.com,No,Not Contacted
80,Jabalpur,Wedding Photographer,Wedding Photography Jabalpur,+917999015907,,No,Not Contacted
81,Jabalpur,Real Estate Agent,Jabalpur Helpline Rental Service and Property Deal,+918962264111,,No,Not Contacted
82,Jabalpur,Real Estate Agent,Shri Sanskar Rental and Property,+917805801141,,No,Not Contacted
83,Jabalpur,Real Estate Agent,Property Dealers in Jabalpur - Real Estate Agents in,,contact@homeonline.com,No,Not Contacted
84,Gwalior,Gym & Fitness,AD Fitness Studio Gwalior,,adfitnessstudio@gmail.com,No,Not Contacted
85,Gwalior,Gym & Fitness,City Centre Gym Gwalior,+919520869722,,No,Not Contacted
86,Gwalior,Gym & Fitness,SS Fitness Club,+917974213019,,No,Not Contacted
87,Gwalior,Spa & Salon,Beauty Academy Gwalior,+919425116029,,No,Not Contacted
88,Gwalior,Spa & Salon,Glamour Salon Gwalior,+919303322297,,No,Not Contacted
89,Gwalior,Spa & Salon,Tulsi Vihar Salon Gwalior,+919826769100,,No,Not Contacted
90,Gwalior,Restaurant & Dhaba,The contact number for Aahar Tiffin Services in Gwalior,+918770212378,,No,Not Contacted
91,Gwalior,Restaurant & Dhaba,Alfanzo Restaurant,,info@alfanzo.in,No,Not Contacted
92,Gwalior,Coaching Institute,Career Launcher Gwalior,,manoj.dawrani@careerlauncher.com,No,Not Contacted
93,Gwalior,Coaching Institute,Coaching Institute Gwalior,+919755042692,,No,Not Contacted
94,Gwalior,Coaching Institute,PAT Coaching in Gwalior SCI,+918889593108,info@scigwalior.in,No,Not Contacted
95,Gwalior,Coaching Institute,ALLEN Centers,+919513683910,gwalior@allen.in,No,Not Contacted
96,Gwalior,Coaching Institute,UPSC Coaching Gwalior,+919605741000,,No,Not Contacted
97,Gwalior,Coaching Institute,Ravindra IAS Coaching,+919953101176,ravindrasiasdelhi@gmail.com,No,Not Contacted
98,Gwalior,Coaching Institute,Krishna Institute Tuition Center institute in,+917880243673,,No,Not Contacted
99,Gwalior,Dental & Eye Clinic,Dental Solutions Gwalior,+919479936927,,No,Not Contacted
100,Gwalior,Dental & Eye Clinic,ASG Eye Hospital's contact number is,+919285144405,,No,Not Contacted
101,Gwalior,Dental & Eye Clinic,AdvancedEyeCare,+919109973218,,No,Not Contacted
102,Gwalior,Dental & Eye Clinic,ASG Eye Hospital Gwalior,+918875029928,gwalior@asgeyehospital.com,No,Not Contacted
103,Gwalior,Wedding Photographer,Mukul Studio at,+918818916222,,No,Not Contacted
104,Gwalior,Real Estate Agent,Rinaya Properly Dealer,+917490055215,,No,Not Contacted
105,Gwalior,Real Estate Agent,Blue Lotus Real Estate Gwalior,+917049855885,,No,Not Contacted
